{
  "betbaseamount": {
    "spins_left_importance": -0.003082677721977234,
    "next_bet_importance": 0.2268411761809451
  },
  "round_duration_sec": {
    "spins_left_importance": 0.0011491179466247559,
    "next_bet_importance": 8.457456715404987e-06
  },
  "win_over_bet_ratio": {
    "spins_left_importance": 0.001755259931087494,
    "next_bet_importance": 1.7814144181708784e-05
  },
  "spin_number_in_session": {
    "spins_left_importance": 0.10311621179183322,
    "next_bet_importance": -4.569103475660086e-05
  },
  "inter_spin_gap_sec": {
    "spins_left_importance": 0.22038859128952026,
    "next_bet_importance": 6.718108973776272e-05
  },
  "rtp_bucket_id": {
    "spins_left_importance": 0.004843624929587065,
    "next_bet_importance": 7.277174154296517e-05
  },
  "days_since_last_session": {
    "spins_left_importance": 0.0003066137433052063,
    "next_bet_importance": 0.00011843050985286662
  },
  "period_of_day": {
    "spins_left_importance": 0.00017867237329483032,
    "next_bet_importance": 2.0150289249916582e-05
  },
  "is_weekend": {
    "spins_left_importance": 0.004215242962042509,
    "next_bet_importance": -4.206219455227256e-05
  },
  "player_round_count": {
    "spins_left_importance": 0.0029224405686060773,
    "next_bet_importance": 3.4271370774756164e-05
  },
  "player_avg_bet": {
    "spins_left_importance": 0.0019023592273394452,
    "next_bet_importance": 0.0020814018983704346
  },
  "player_avg_win_over_bet": {
    "spins_left_importance": -0.0019705245892207013,
    "next_bet_importance": -2.435874193906784e-06
  },
  "player_pct_no_win": {
    "spins_left_importance": 0.05826101700464886,
    "next_bet_importance": 5.49649509290857e-05
  },
  "player_avg_round_duration": {
    "spins_left_importance": 0.002090935905774416,
    "next_bet_importance": 5.5596407037228346e-05
  },
  "player_distinct_sessions": {
    "spins_left_importance": 0.007858427862326323,
    "next_bet_importance": 2.8903964751710205e-05
  },
  "hour_sin": {
    "spins_left_importance": 0.0006855328877766742,
    "next_bet_importance": 2.4919611557076664e-05
  },
  "hour_cos": {
    "spins_left_importance": -0.00043517351150512695,
    "next_bet_importance": 1.7525298365701943e-05
  },
  "day_sin": {
    "spins_left_importance": -0.000984199345111847,
    "next_bet_importance": 2.156312499816248e-05
  },
  "day_cos": {
    "spins_left_importance": 0.00031221161286038024,
    "next_bet_importance": 8.708401583135128e-05
  },
  "days_since_last_session_was_missing": {
    "spins_left_importance": 0.0033601125081380023,
    "next_bet_importance": 1.8512345074365825e-05
  },
  "currency_1": {
    "spins_left_importance": 5.955745776492494e-05,
    "next_bet_importance": 2.7003504025442313e-06
  },
  "currency_2": {
    "spins_left_importance": 0.0015173256397247314,
    "next_bet_importance": 0.00022295810049399734
  },
  "currency_3": {
    "spins_left_importance": 0.0,
    "next_bet_importance": 0.0
  },
  "device_1": {
    "spins_left_importance": 0.0003903011480967389,
    "next_bet_importance": 5.717082725216916e-05
  },
  "device_2": {
    "spins_left_importance": 0.001800554494063078,
    "next_bet_importance": 2.294972849388628e-06
  },
  "device_3": {
    "spins_left_importance": 0.0,
    "next_bet_importance": 0.0
  },
  "game_id_1": {
    "spins_left_importance": -4.684180021286011e-05,
    "next_bet_importance": 1.3339954117934198e-05
  },
  "game_id_2": {
    "spins_left_importance": 3.673632939654725e-05,
    "next_bet_importance": -9.881720567771896e-08
  },
  "game_id_3": {
    "spins_left_importance": -3.693501154583556e-05,
    "next_bet_importance": 2.649606904014945e-05
  },
  "game_id_4": {
    "spins_left_importance": 0.0007093151410420551,
    "next_bet_importance": 1.066344945381114e-05
  },
  "game_id_5": {
    "spins_left_importance": 0.002841748297214508,
    "next_bet_importance": 3.0970957595855e-05
  },
  "game_id_6": {
    "spins_left_importance": 0.0003966266910235272,
    "next_bet_importance": 4.881729061404893e-05
  },
  "game_id_7": {
    "spins_left_importance": 0.007242359220981598,
    "next_bet_importance": 0.00020476409311716726
  },
  "game_id_8": {
    "spins_left_importance": 0.003104478120803833,
    "next_bet_importance": 8.799387918164044e-06
  },
  "game_id_9": {
    "spins_left_importance": 0.007793957988421141,
    "next_bet_importance": 0.00010593053108702132
  },
  "game_id_10": {
    "spins_left_importance": 0.004184534152348818,
    "next_bet_importance": 4.018911082918474e-05
  },
  "game_id_11": {
    "spins_left_importance": 0.015488587319850922,
    "next_bet_importance": 6.919202860444784e-05
  },
  "game_provider_id_2": {
    "spins_left_importance": 0.0035651897390683307,
    "next_bet_importance": 4.8586555446187944e-05
  },
  "game_provider_id_5": {
    "spins_left_importance": 0.00016386061906814575,
    "next_bet_importance": 2.9685907065868378e-06
  },
  "game_provider_id_10": {
    "spins_left_importance": 0.0,
    "next_bet_importance": 0.0
  }
}