{
  "betbaseamount": {
    "spins_left_importance": 0.008038592835267366,
    "next_bet_importance": 0.18087907042354345
  },
  "round_duration_sec": {
    "spins_left_importance": 0.006269020338853182,
    "next_bet_importance": 1.980900803270425e-05
  },
  "win_over_bet_ratio": {
    "spins_left_importance": 0.011479899287223816,
    "next_bet_importance": 0.00016589975954654302
  },
  "spin_number_in_session": {
    "spins_left_importance": 0.09741081049044925,
    "next_bet_importance": -0.00012680752358088876
  },
  "inter_spin_gap_sec": {
    "spins_left_importance": 0.19933965057134628,
    "next_bet_importance": 4.8888400973131404e-05
  },
  "rtp_bucket_id": {
    "spins_left_importance": 0.02237555136283237,
    "next_bet_importance": 6.152910646051168e-05
  },
  "days_since_last_session": {
    "spins_left_importance": 0.000570930540561676,
    "next_bet_importance": 1.7159890073040977e-05
  },
  "period_of_day": {
    "spins_left_importance": -0.0006113871932029724,
    "next_bet_importance": 2.052510778109218e-05
  },
  "is_weekend": {
    "spins_left_importance": 0.0036023134986559735,
    "next_bet_importance": 3.7442795777072654e-05
  },
  "player_round_count": {
    "spins_left_importance": 0.011524868508179964,
    "next_bet_importance": 5.109584890305996e-06
  },
  "player_avg_bet": {
    "spins_left_importance": 0.006764916082223238,
    "next_bet_importance": 0.0006640719948336482
  },
  "player_avg_win_over_bet": {
    "spins_left_importance": 0.0033797472715377808,
    "next_bet_importance": 3.062395262531936e-05
  },
  "player_pct_no_win": {
    "spins_left_importance": 0.1989480579892794,
    "next_bet_importance": 0.00025410500044623996
  },
  "player_avg_round_duration": {
    "spins_left_importance": 0.003356426954269409,
    "next_bet_importance": 3.605334010596062e-05
  },
  "player_distinct_sessions": {
    "spins_left_importance": 0.005816976229349791,
    "next_bet_importance": -2.732316109662399e-06
  },
  "hour_sin": {
    "spins_left_importance": 0.00042520463466644287,
    "next_bet_importance": 4.186023337145661e-05
  },
  "hour_cos": {
    "spins_left_importance": 0.0007166440288225995,
    "next_bet_importance": -2.883909231362258e-05
  },
  "day_sin": {
    "spins_left_importance": 0.000309007863203703,
    "next_bet_importance": 6.86515704728663e-06
  },
  "day_cos": {
    "spins_left_importance": 0.0018068676193555011,
    "next_bet_importance": 5.025049904361367e-05
  },
  "days_since_last_session_was_missing": {
    "spins_left_importance": 0.11559609075387317,
    "next_bet_importance": 6.469518605930124e-05
  },
  "currency_1": {
    "spins_left_importance": 0.005428120493888855,
    "next_bet_importance": -6.580958142876625e-07
  },
  "currency_2": {
    "spins_left_importance": 0.004064992070198059,
    "next_bet_importance": 8.793486631475389e-05
  },
  "currency_3": {
    "spins_left_importance": 0.0,
    "next_bet_importance": 0.0
  },
  "device_1": {
    "spins_left_importance": 0.028423992296059908,
    "next_bet_importance": 0.00012406271222668375
  },
  "device_2": {
    "spins_left_importance": 0.01622741917769116,
    "next_bet_importance": 1.9637935717279568e-05
  },
  "device_3": {
    "spins_left_importance": 0.0,
    "next_bet_importance": 0.0
  },
  "game_id_1": {
    "spins_left_importance": -0.00034456451733905213,
    "next_bet_importance": -7.310610574980721e-06
  },
  "game_id_2": {
    "spins_left_importance": -0.00019862751166027648,
    "next_bet_importance": -2.1218632658337108e-07
  },
  "game_id_3": {
    "spins_left_importance": 0.001914195716381073,
    "next_bet_importance": 4.0047646810612535e-06
  },
  "game_id_4": {
    "spins_left_importance": 0.0038875440756480084,
    "next_bet_importance": -1.6357225831598043e-06
  },
  "game_id_5": {
    "spins_left_importance": 0.003527497251828493,
    "next_bet_importance": 2.9896958343063936e-05
  },
  "game_id_6": {
    "spins_left_importance": 0.008939772844314575,
    "next_bet_importance": 3.319623647257686e-05
  },
  "game_id_7": {
    "spins_left_importance": 0.009546076258023561,
    "next_bet_importance": 2.06924548062184e-05
  },
  "game_id_8": {
    "spins_left_importance": 0.015113132695357023,
    "next_bet_importance": 2.4849228793755174e-05
  },
  "game_id_9": {
    "spins_left_importance": 0.045288155476252256,
    "next_bet_importance": 0.00010334787657484412
  },
  "game_id_10": {
    "spins_left_importance": 0.011884532868862152,
    "next_bet_importance": 1.4847745963682876e-05
  },
  "game_id_11": {
    "spins_left_importance": 0.10049751400947571,
    "next_bet_importance": 0.0001238931145053357
  },
  "game_provider_id_2": {
    "spins_left_importance": 0.043804881473382296,
    "next_bet_importance": 0.00010380571863303567
  },
  "game_provider_id_5": {
    "spins_left_importance": 0.0007380396127700806,
    "next_bet_importance": 1.1903495760634542e-05
  },
  "game_provider_id_10": {
    "spins_left_importance": 0.0,
    "next_bet_importance": 0.0
  }
}